{
  "FaZe": {
    "kd": 0.9750000000000001,
    "rating": 1.0133333333333334,
    "impact": 1.0,
    "winrate": 0.48
  },
  "G2": {
    "kd": 0.9471428571428572,
    "rating": 0.9757142857142858,
    "impact": 0.9371428571428572,
    "winrate": 0.5
  },
  "MOUZ": {
    "kd": 0.9633333333333334,
    "rating": 0.9816666666666668,
    "impact": 0.9683333333333334,
    "winrate": 0.42
  },
  "Natus Vincere": {
    "kd": 0.9780000000000001,
    "rating": 1.006,
    "impact": 1.0,
    "winrate": 0.5
  },
  "Spirit": {
    "kd": 1.0379999999999998,
    "rating": 1.05,
    "impact": 1.02,
    "winrate": 0.52
  },
  "Vitality": {
    "kd": 1.055,
    "rating": 1.0683333333333334,
    "impact": 1.0533333333333335,
    "winrate": 0.65
  }
}